Main_test123,123
Main_test123,123456
Main_test,34235675674"
,qwerty
qwerty,
     ,     
Main_test123,123
,123456
123456,Main_test
<script>alert(123)</script>,123456
(<form action=»http://live.hh.ru»><input type=»submit»></form>),123456
@#$%^&*()<->1!.,123456
 Main_test, 123456
@#$%^&*()<->1!.,@#$%^&*()<->1!.
Еуыеукф_еуые,123456
<Main_test>,123456
sdfsdfadf$%^&*(dsgnfgsdf%^&*()kxhjcsdbsudbfksbdf%^YUIO%^&*()_@#$%^}"?fgdfgdfgfsdfsdf567890sgsdfgsfsdf,qwerty
Main_test,sdfsdfadf$%^&*(dsgnfgsdf%^&*()kxhjcsdbsudbfksbdf%^YUIO%^&*()_@#$%^}"?fgdfgdfgfsdfsdf567890sgsdfgsfsdf
sdfsdfadf$%^&*(dsgnfgsdf%^&*()kxhjcsdbsudbfksbdf%^YUIO%^&*()_@#$%^}"?fgdfgdfgfsdfsdf567890sgsdfgsfsdf,sdfsdfadf$%^&*(dsgnfgsdf%^&*()kxhjcsdbsudbfksbdf%^YUIO%^&*()_@#$%^}"?fgdfgdfgfsdfsdf567890sgsdfgsfsdf